Parent ID number,ID number,Short name,Description,Description format,Scale values,Scale configuration,Rule type (optional),Rule outcome (optional),Rule config (optional),Cross-referenced competency ID numbers,Exported ID (optional),Is framework,Taxonomy
,DIGCOMP3.0-fr,DigComp 3.0 – Référentiel européen de la compétence numérique,"<div class=""container"">
<h1>DigComp 3.0 – Référentiel européen de la compétence numérique</h1>
<p>Le référentiel européen de compétence numérique <strong>DigComp 3.0</strong> (cinquième édition) décrit les <em>connaissances, capacités et attitudes</em> dont les citoyennes et citoyens ont besoin pour vivre, apprendre, travailler et participer à la société dans un monde numérique.</p>
<p>Il est structuré en <strong>5 domaines</strong> et <strong>21 compétences</strong>, chacune déclinée en quatre niveaux de maîtrise (de base, intermédiaire, avancé et très avancé) et associée à un ensemble de résultats d’apprentissage. Cette version met particulièrement l’accent sur les usages des <strong>technologies d’intelligence artificielle (IA)</strong>, en intégrant de manière transversale la compréhension, l’usage critique et responsable, ainsi que les implications éthiques et sociétales de l’IA.</p>
<p><strong>Référence complète :</strong> Cosgrove, J. &amp; Cachia, R., <em>DigComp 3.0: European Digital Competence Framework – Fifth Edition</em>, Publications Office of the European Union, Luxembourg, 2025, <a href=""https://data.europa.eu/doi/10.2760/0001149"" target=""_blank"" rel=""noopener"">doi:10.2760/0001149</a>, JRC144121.</p>
</div>",1,"Not yet competent,Competent","[{""scaleid"":""2""},{""id"":1,""scaledefault"":1,""proficient"":0},{""id"":2,""scaledefault"":0,""proficient"":1}]",,,,,,1,"domain,competency,proficiency,practice"
,DIGCOMP3.0-fr-D1,"1. RECHERCHE, ÉVALUATION ET GESTION DE L’INFORMATION","<div class=""container"">
<h2>1. Recherche, évaluation et gestion de l’information</h2>
<ul>
<li>Exprimer ses besoins en information, puis rechercher, localiser et récupérer des informations et contenus numériques.</li>
<li>Juger de la pertinence des sources et de leurs contenus dans des environnements numériques.</li>
<li>Évaluer de manière critique les sources et contenus numériques, ainsi que les processus utilisés pour les produire (y compris ceux qui font appel à l’IA).</li>
<li>Stocker, organiser, gérer et analyser des informations et des données numériques.</li>
</ul>
<p><em>Ce domaine regroupe les compétences 1.1 à 1.3 du référentiel DigComp 3.0.</em></p>
</div>",1,,,,,,,,,
,DIGCOMP3.0-fr-D2,2. COMMUNICATION ET COLLABORATION,"<div class=""container"">
<h2>2. Communication et collaboration</h2>
<ul>
<li>Interagir, partager, communiquer et collaborer dans des environnements numériques en étant conscient des diversités culturelle, générationnelle et autres, ainsi que des possibilités et limites des technologies numériques.</li>
<li>Participer à la vie en société grâce aux technologies numériques et exercer ses droits en ligne, en faisant des choix éclairés.</li>
<li>Gérer sa présence et son identité numériques, ainsi que sa réputation et son empreinte numériques.</li>
</ul>
<p><em>Ce domaine regroupe les compétences 2.1 à 2.6 du référentiel DigComp 3.0.</em></p>
</div>",1,,,,,,,,,
,DIGCOMP3.0-fr-D3,3. CRÉATION DE CONTENU,"<div class=""container"">
<h2>3. Création de contenu</h2>
<ul>
<li>Créer et modifier du contenu numérique, et améliorer ou intégrer des informations et contenus dans un corpus de connaissances existant.</li>
<li>Comprendre comment s’appliquent les droits d’auteur, les licences et les questions juridiques et éthiques associées, et les appliquer correctement.</li>
<li>Adopter une approche éthique et responsable dans la création, l’amélioration et l’intégration de contenus, y compris lors de l’usage de systèmes d’IA générative.</li>
<li>Mobiliser la pensée informatique et des techniques de programmation pour donner des instructions à un système informatique.</li>
</ul>
<p><em>Ce domaine regroupe les compétences 3.1 à 3.4 du référentiel DigComp 3.0.</em></p>
</div>",1,,,,,,,,,
,DIGCOMP3.0-fr-D4,"4. SÉCURITÉ, BIEN-ÊTRE ET USAGE RESPONSABLE","<div class=""container"">
<h2>4. Sécurité, bien-être et usage responsable</h2>
<ul>
<li>Protéger les appareils, les contenus, les données personnelles et la vie privée dans les environnements numériques.</li>
<li>Soutenir le bien-être physique, mental et social de soi-même et des autres, et être conscient des bénéfices et des risques des technologies numériques pour le bien-être et l’inclusion sociale.</li>
<li>Être conscient de l’impact environnemental des technologies numériques et de leurs usages, agir pour réduire cet impact et utiliser le numérique au service de la durabilité.</li>
</ul>
<p><em>Ce domaine regroupe les compétences 4.1 à 4.4 du référentiel DigComp 3.0.</em></p>
</div>",1,,,,,,,,,
,DIGCOMP3.0-fr-D5,5. IDENTIFICATION ET RÉSOLUTION DE PROBLÈMES,"<div class=""container"">
<h2>5. Identification et résolution de problèmes</h2>
<ul>
<li>Identifier et évaluer des besoins et des problèmes, et utiliser les technologies numériques ou adapter les environnements numériques pour y répondre.</li>
<li>Identifier et résoudre des problèmes techniques et conceptuels dans des environnements numériques.</li>
<li>Utiliser les technologies numériques pour améliorer ou concevoir de nouvelles solutions, renforcer son autonomie dans les environnements numériques et rester informé des évolutions technologiques et de leurs implications.</li>
</ul>
<p><em>Ce domaine regroupe les compétences 5.1 à 5.4 du référentiel DigComp 3.0.</em></p>
</div>",1,,,,,,,,,
DIGCOMP3.0-fr-D1,DIGCOMP3.0-fr-D1-C1,"1.1 : NAVIGUER, RECHERCHER ET FILTRER L’INFORMATION","<p><strong>Descripteur DigComp 3.0 :</strong> Exprimer ses besoins en information, savoir comment et où chercher des informations et des contenus dans des environnements numériques, et y accéder et y naviguer. Sélectionner des outils numériques appropriés pour créer, mettre en œuvre et actualiser des recherches dans des environnements numériques et être capable de distinguer les informations et contenus pertinents de ceux qui ne le sont pas.</p>",1,,,,,,,,,
DIGCOMP3.0-fr-D1,DIGCOMP3.0-fr-D1-C2,1.2 : ÉVALUER L’INFORMATION,"<p><strong>Descripteur DigComp 3.0 :</strong> Évaluer et comparer la crédibilité et la fiabilité des sources d’information et de contenu dans des environnements numériques. Interpréter et évaluer de manière critique les informations et contenus dans des environnements numériques, ainsi que les processus utilisés pour les générer.</p>",1,,,,,,,,,
DIGCOMP3.0-fr-D1,DIGCOMP3.0-fr-D1-C3,1.3 : GÉRER L’INFORMATION,"<p><strong>Descripteur DigComp 3.0 :</strong> Organiser, stocker et retrouver des informations et des données dans des environnements numériques. Collecter, traiter et analyser des informations et des données dans des environnements numériques structurés.</p>",1,,,,,,,,,
DIGCOMP3.0-fr-D2,DIGCOMP3.0-fr-D2-C1,2.1 : INTERAGIR PAR ET AVEC LES TECHNOLOGIES NUMÉRIQUES,"<p><strong>Descripteur DigComp 3.0 :</strong> Interagir au moyen et à travers une variété de technologies numériques, et utiliser des modes de communication numérique appropriés au contexte.</p>",1,,,,,,,,,
DIGCOMP3.0-fr-D2,DIGCOMP3.0-fr-D2-C2,2.2 : PARTAGER AU MOYEN DE TECHNOLOGIES NUMÉRIQUES,<p><strong>Descripteur DigComp 3.0 :</strong> Partager des informations et des contenus avec d’autres de manière éthique et responsable grâce à des technologies numériques adaptées.</p>,1,,,,,,,,,
DIGCOMP3.0-fr-D2,DIGCOMP3.0-fr-D2-C3,2.3 : S’ENGAGER DANS LA CITOYENNETÉ GRÂCE AU NUMÉRIQUE,"<p><strong>Descripteur DigComp 3.0 :</strong> Participer à la vie en société grâce à l’usage éthique et responsable des plateformes et services numériques. Rechercher des opportunités d’autonomisation et de participation par des technologies numériques appropriées. Être conscient de ses droits, les affirmer et exercer ses choix dans les environnements numériques.</p>",1,,,,,,,,,
DIGCOMP3.0-fr-D2,DIGCOMP3.0-fr-D2-C4,2.4 : COLLABORER GRÂCE AUX TECHNOLOGIES NUMÉRIQUES,"<p><strong>Descripteur DigComp 3.0 :</strong> Utiliser les technologies numériques de manière éthique et responsable à des fins de collaboration, de co-construction et de co-création d’informations, de ressources et de connaissances.</p>",1,,,,,,,,,
DIGCOMP3.0-fr-D2,DIGCOMP3.0-fr-D2-C5,2.5 : COMPORTEMENT NUMÉRIQUE,"<p><strong>Descripteur DigComp 3.0 :</strong> Connaître les normes de comportement, et savoir adopter un comportement respectueux lors de l’utilisation de technologies numériques et dans les interactions en ligne. Adapter sa communication aux contextes spécifiques et être conscient et respectueux des diversités culturelle, générationnelle et autres dans les environnements numériques.</p>",1,,,,,,,,,
DIGCOMP3.0-fr-D2,DIGCOMP3.0-fr-D2-C6,2.6 : GÉRER SON IDENTITÉ NUMÉRIQUE,<p><strong>Descripteur DigComp 3.0 :</strong> Gérer une ou plusieurs identités numériques. Mettre en œuvre des actions pour protéger sa réputation numérique (la façon dont on est perçu en fonction de sa présence en ligne) et gérer son empreinte numérique (les données produites par et via les plateformes et services numériques).</p>,1,,,,,,,,,
DIGCOMP3.0-fr-D3,DIGCOMP3.0-fr-D3-C1,3.1 : DÉVELOPPER DU CONTENU NUMÉRIQUE,<p><strong>Descripteur DigComp 3.0 :</strong> Utiliser des technologies numériques de manière éthique et responsable pour créer et modifier une variété de contenus. S’exprimer par des moyens numériques.</p>,1,,,,,,,,,
DIGCOMP3.0-fr-D3,DIGCOMP3.0-fr-D3-C2,3.2 : INTÉGRER ET RETRAVAILLER DU CONTENU NUMÉRIQUE,"<p><strong>Descripteur DigComp 3.0 :</strong> Modifier, affiner et intégrer de nouvelles informations et de nouveaux contenus dans des connaissances et ressources existantes afin de créer des contenus et des connaissances nouveaux et originaux.</p>",1,,,,,,,,,
DIGCOMP3.0-fr-D3,DIGCOMP3.0-fr-D3-C3,3.3 : DROITS D’AUTEUR ET LICENCES,"<p><strong>Descripteur DigComp 3.0 :</strong> Comprendre comment les droits d’auteur, les licences, ainsi que les enjeux juridiques et éthiques associés, s’appliquent aux contenus numériques, et savoir les appliquer correctement.</p>",1,,,,,,,,,
DIGCOMP3.0-fr-D3,DIGCOMP3.0-fr-D3-C4,3.4 : PENSÉE INFORMATIQUE ET PROGRAMMATION,"<p><strong>Descripteur DigComp 3.0 :</strong> Comprendre et mettre en œuvre des étapes pour analyser un problème, reconnaître des sous-problèmes, planifier et développer une séquence d’instructions pour un système informatique afin de résoudre un problème donné ou d’exécuter une tâche spécifique.</p>",1,,,,,,,,,
DIGCOMP3.0-fr-D4,DIGCOMP3.0-fr-D4-C1,4.1 : PROTÉGER LES APPAREILS,<p><strong>Descripteur DigComp 3.0 :</strong> Appliquer des mesures de sécurité et de cybersécurité afin de protéger les appareils et les contenus numériques. Être conscient du caractère évolutif des risques et menaces dans les environnements numériques et accorder une attention particulière à la sécurité des appareils numériques et de leurs contenus.</p>,1,,,,,,,,,
DIGCOMP3.0-fr-D4,DIGCOMP3.0-fr-D4-C2,4.2 : PROTÉGER LES DONNÉES PERSONNELLES ET LA VIE PRIVÉE,"<p><strong>Descripteur DigComp 3.0 :</strong> Être conscient de ses droits et les exercer en matière de données personnelles et de vie privée dans les environnements numériques. Évaluer et gérer les risques pour la vie privée et protéger les données personnelles et la vie privée dans les environnements numériques. Utiliser et partager ses propres données personnelles et celles d’autrui de manière sûre, éthique et responsable.</p>",1,,,,,,,,,
DIGCOMP3.0-fr-D4,DIGCOMP3.0-fr-D4-C3,4.3 : SOUTENIR LE BIEN-ÊTRE,"<p><strong>Descripteur DigComp 3.0 :</strong> Utiliser des technologies numériques de manière à soutenir le bien-être et l’inclusion. Réduire au minimum les risques et menaces pour le bien-être physique, mental et social de soi-même et des autres lors de l’utilisation du numérique. Équilibrer activités en ligne et hors ligne pour soutenir le bien-être. Agir pour se protéger et protéger autrui face aux dangers potentiels dans les environnements numériques (par exemple cyberharcèlement, contenus nuisibles) et savoir comment y répondre. Être conscient des technologies numériques qui favorisent le bien-être et l’inclusion sociale.</p>",1,,,,,,,,,
DIGCOMP3.0-fr-D4,DIGCOMP3.0-fr-D4-C4,4.4 : IMPACTS ENVIRONNEMENTAUX DES TECHNOLOGIES NUMÉRIQUES,"<p><strong>Descripteur DigComp 3.0 :</strong> Être conscient des impacts environnementaux des technologies numériques, incluant la production, l’exploitation, la réparation, le recyclage et l’élimination des appareils, les infrastructures de stockage des données, la consommation énergétique et l’usage d’outils et d’applications. Agir pour réduire ces impacts et utiliser les technologies numériques pour soutenir la durabilité.</p>",1,,,,,,,,,
DIGCOMP3.0-fr-D5,DIGCOMP3.0-fr-D5-C1,5.1 : IDENTIFIER ET RÉSOUDRE DES PROBLÈMES TECHNIQUES,"<p><strong>Descripteur DigComp 3.0 :</strong> Identifier les problèmes techniques lors de l’utilisation d’appareils numériques et dans des environnements numériques, et les résoudre par une variété de moyens.</p>",1,,,,,,,,,
DIGCOMP3.0-fr-D5,DIGCOMP3.0-fr-D5-C2,5.2 : IDENTIFIER DES BESOINS ET DES RÉPONSES TECHNOLOGIQUES NUMÉRIQUES,"<p><strong>Descripteur DigComp 3.0 :</strong> Évaluer ses propres besoins et ceux des autres et choisir, évaluer, utiliser et adapter des technologies numériques pour y répondre. Ajuster et personnaliser les environnements numériques en fonction des contextes, objectifs et besoins (par exemple accessibilité) de soi-même et des autres.</p>",1,,,,,,,,,
DIGCOMP3.0-fr-D5,DIGCOMP3.0-fr-D5-C3,5.3 : IDENTIFIER DES SOLUTIONS CRÉATIVES GRÂCE AU NUMÉRIQUE,"<p><strong>Descripteur DigComp 3.0 :</strong> Utiliser les technologies numériques pour améliorer ou concevoir de nouvelles solutions pour des processus et des produits, en adoptant une approche centrée sur l’humain. S’engager, individuellement et collectivement, dans des processus de pensée critique et dans l’usage créatif et intentionnel des technologies numériques pour comprendre et résoudre des problèmes et des situations problématiques de nature conceptuelle.</p>",1,,,,,,,,,
DIGCOMP3.0-fr-D5,DIGCOMP3.0-fr-D5-C4,5.4 : IDENTIFIER ET TRAITER LES BESOINS EN COMPÉTENCE NUMÉRIQUE,"<p><strong>Descripteur DigComp 3.0 :</strong> Reconnaître les domaines où sa propre compétence numérique doit être améliorée ou actualisée. Traiter ses besoins en compétence numérique dans une démarche plus large d’apprentissage tout au long de la vie, en développant sa capacité d’action et son autonomie. Accompagner d’autres personnes dans le développement de leur compétence numérique. Rester informé des évolutions technologiques numériques et de leurs implications personnelles, professionnelles et sociétales.</p>",1,,,,,,,,,